RECORDING FILE NAME,ORIGINAL FILE NAME,ORIGINAL FILE PART,LATITUDE,LONGITUDE,SPECIES,SCIENTIFIC NAME,ENGLISH NAME,SPECIES GROUP,PROBABILITY,WARNINGS,CALL TYPE,ACTUAL DATE,SURVEY DATE,TIME,CLASSIFIER NAME,USER ID,UPLOAD KEY,BATCH NAME,PROJECT NAME
59~40304+18~07242_20260928_005853.wav,DEV_002_20260928_005853.wav,0,59.40304,18.07242,Pippyg,Pipistrellus pygmaeus,Soprano Pipistrelle,bat,0.51,,echolocation,28/09/2026,27/09/2026,00:58:53,ClassifEspSWE-0002026-05-29_1,JOHANKARLSSON,202609290747UMXSL9PH,,Citizen Science (ultrasonic) - shared
59~40304+18~07242_20260928_000007.wav,DEV_002_20260928_000007.wav,0,59.40304,18.07242,Leppun,Leptophyes punctatissima,Speckled Bush-cricket,bush-cricket,0.99,,,28/09/2026,27/09/2026,00:00:07,ClassifEspSWE-0002026-05-29_1,JOHANKARLSSON,202609290747UMXSL9PH,,Citizen Science (ultrasonic) - shared
59~40304+18~07242_20260928_000019.wav,DEV_002_20260928_000019.wav,0,59.40304,18.07242,Leppun,Leptophyes punctatissima,Speckled Bush-cricket,bush-cricket,0.99,,,28/09/2026,27/09/2026,00:00:19,ClassifEspSWE-0002026-05-29_1,JOHANKARLSSON,202609290747UMXSL9PH,,Citizen Science (ultrasonic) - shared
59~40304+18~07242_20260928_000030.wav,DEV_002_20260928_000030.wav,0,59.40304,18.07242,Leppun,Leptophyes punctatissima,Speckled Bush-cricket,bush-cricket,0.99,,,28/09/2026,27/09/2026,00:00:30,ClassifEspSWE-0002026-05-29_1,JOHANKARLSSON,202609290747UMXSL9PH,,Citizen Science (ultrasonic) - shared
59~40304+18~07242_20260928_000038.wav,DEV_002_20260928_000038.wav,0,59.40304,18.07242,Leppun,Leptophyes punctatissima,Speckled Bush-cricket,bush-cricket,0.99,,,28/09/2026,27/09/2026,00:00:38,ClassifEspSWE-0002026-05-29_1,JOHANKARLSSON,202609290747UMXSL9PH,,Citizen Science (ultrasonic) - shared
59~40304+18~07242_20260928_000043.wav,DEV_002_20260928_000043.wav,0,59.40304,18.07242,Leppun,Leptophyes punctatissima,Speckled Bush-cricket,bush-cricket,0.99,,,28/09/2026,27/09/2026,00:00:43,ClassifEspSWE-0002026-05-29_1,JOHANKARLSSON,202609290747UMXSL9PH,,Citizen Science (ultrasonic) - shared
59~40304+18~07242_20260928_000053.wav,DEV_002_20260928_000053.wav,0,59.40304,18.07242,Leppun,Leptophyes punctatissima,Speckled Bush-cricket,bush-cricket,0.99,,,28/09/2026,27/09/2026,00:00:53,ClassifEspSWE-0002026-05-29_1,JOHANKARLSSON,202609290747UMXSL9PH,,Citizen Science (ultrasonic) - shared
59~40304+18~07242_20260928_000104.wav,DEV_002_20260928_000104.wav,0,59.40304,18.07242,Leppun,Leptophyes punctatissima,Speckled Bush-cricket,bush-cricket,0.99,,,28/09/2026,27/09/2026,00:01:04,ClassifEspSWE-0002026-05-29_1,JOHANKARLSSON,202609290747UMXSL9PH,,Citizen Science (ultrasonic) - shared
59~40304+18~07242_20260928_000116.wav,DEV_002_20260928_000116.wav,0,59.40304,18.07242,Leppun,Leptophyes punctatissima,Speckled Bush-cricket,bush-cricket,0.99,,,28/09/2026,27/09/2026,00:01:16,ClassifEspSWE-0002026-05-29_1,JOHANKARLSSON,202609290747UMXSL9PH,,Citizen Science (ultrasonic) - shared
59~40304+18~07242_20260928_000129.wav,DEV_002_20260928_000129.wav,0,59.40304,18.07242,Leppun,Leptophyes punctatissima,Speckled Bush-cricket,bush-cricket,0.99,,,28/09/2026,27/09/2026,00:01:29,ClassifEspSWE-0002026-05-29_1,JOHANKARLSSON,202609290747UMXSL9PH,,Citizen Science (ultrasonic) - shared
59~40304+18~07242_20260928_000203.wav,DEV_002_20260928_000203.wav,0,59.40304,18.07242,Leppun,Leptophyes punctatissima,Speckled Bush-cricket,bush-cricket,0.99,,,28/09/2026,27/09/2026,00:02:03,ClassifEspSWE-0002026-05-29_1,JOHANKARLSSON,202609290747UMXSL9PH,,Citizen Science (ultrasonic) - shared
59~40304+18~07242_20260928_000226.wav,DEV_002_20260928_000226.wav,0,59.40304,18.07242,Leppun,Leptophyes punctatissima,Speckled Bush-cricket,bush-cricket,0.99,,,28/09/2026,27/09/2026,00:02:26,ClassifEspSWE-0002026-05-29_1,JOHANKARLSSON,202609290747UMXSL9PH,,Citizen Science (ultrasonic) - shared
59~40304+18~07242_20260928_000237.wav,DEV_002_20260928_000237.wav,0,59.40304,18.07242,Leppun,Leptophyes punctatissima,Speckled Bush-cricket,bush-cricket,0.99,,,28/09/2026,27/09/2026,00:02:37,ClassifEspSWE-0002026-05-29_1,JOHANKARLSSON,202609290747UMXSL9PH,,Citizen Science (ultrasonic) - shared
59~40304+18~07242_20260928_000245.wav,DEV_002_20260928_000245.wav,0,59.40304,18.07242,Leppun,Leptophyes punctatissima,Speckled Bush-cricket,bush-cricket,0.99,,,28/09/2026,27/09/2026,00:02:45,ClassifEspSWE-0002026-05-29_1,JOHANKARLSSON,202609290747UMXSL9PH,,Citizen Science (ultrasonic) - shared
59~40304+18~07242_20260928_000252.wav,DEV_002_20260928_000252.wav,0,59.40304,18.07242,Leppun,Leptophyes punctatissima,Speckled Bush-cricket,bush-cricket,0.99,,,28/09/2026,27/09/2026,00:02:52,ClassifEspSWE-0002026-05-29_1,JOHANKARLSSON,202609290747UMXSL9PH,,Citizen Science (ultrasonic) - shared
59~40304+18~07242_20260928_000306.wav,DEV_002_20260928_000306.wav,0,59.40304,18.07242,Leppun,Leptophyes punctatissima,Speckled Bush-cricket,bush-cricket,0.99,,,28/09/2026,27/09/2026,00:03:06,ClassifEspSWE-0002026-05-29_1,JOHANKARLSSON,202609290747UMXSL9PH,,Citizen Science (ultrasonic) - shared
59~40304+18~07242_20260928_000315.wav,DEV_002_20260928_000315.wav,0,59.40304,18.07242,Leppun,Leptophyes punctatissima,Speckled Bush-cricket,bush-cricket,0.99,,,28/09/2026,27/09/2026,00:03:15,ClassifEspSWE-0002026-05-29_1,JOHANKARLSSON,202609290747UMXSL9PH,,Citizen Science (ultrasonic) - shared
59~40304+18~07242_20260928_000330.wav,DEV_002_20260928_000330.wav,0,59.40304,18.07242,Leppun,Leptophyes punctatissima,Speckled Bush-cricket,bush-cricket,0.99,,,28/09/2026,27/09/2026,00:03:30,ClassifEspSWE-0002026-05-29_1,JOHANKARLSSON,202609290747UMXSL9PH,,Citizen Science (ultrasonic) - shared
59~40304+18~07242_20260928_000338.wav,DEV_002_20260928_000338.wav,0,59.40304,18.07242,Leppun,Leptophyes punctatissima,Speckled Bush-cricket,bush-cricket,0.99,,,28/09/2026,27/09/2026,00:03:38,ClassifEspSWE-0002026-05-29_1,JOHANKARLSSON,202609290747UMXSL9PH,,Citizen Science (ultrasonic) - shared
59~40304+18~07242_20260928_000351.wav,DEV_002_20260928_000351.wav,0,59.40304,18.07242,Leppun,Leptophyes punctatissima,Speckled Bush-cricket,bush-cricket,0.99,,,28/09/2026,27/09/2026,00:03:51,ClassifEspSWE-0002026-05-29_1,JOHANKARLSSON,202609290747UMXSL9PH,,Citizen Science (ultrasonic) - shared
59~40304+18~07242_20260928_000401.wav,DEV_002_20260928_000401.wav,0,59.40304,18.07242,Leppun,Leptophyes punctatissima,Speckled Bush-cricket,bush-cricket,0.99,,,28/09/2026,27/09/2026,00:04:01,ClassifEspSWE-0002026-05-29_1,JOHANKARLSSON,202609290747UMXSL9PH,,Citizen Science (ultrasonic) - shared
59~40304+18~07242_20260928_000409.wav,DEV_002_20260928_000409.wav,0,59.40304,18.07242,Leppun,Leptophyes punctatissima,Speckled Bush-cricket,bush-cricket,0.99,,,28/09/2026,27/09/2026,00:04:09,ClassifEspSWE-0002026-05-29_1,JOHANKARLSSON,202609290747UMXSL9PH,,Citizen Science (ultrasonic) - shared
59~40304+18~07242_20260928_000417.wav,DEV_002_20260928_000417.wav,0,59.40304,18.07242,Leppun,Leptophyes punctatissima,Speckled Bush-cricket,bush-cricket,0.99,,,28/09/2026,27/09/2026,00:04:17,ClassifEspSWE-0002026-05-29_1,JOHANKARLSSON,202609290747UMXSL9PH,,Citizen Science (ultrasonic) - shared
59~40304+18~07242_20260928_000423.wav,DEV_002_20260928_000423.wav,0,59.40304,18.07242,Leppun,Leptophyes punctatissima,Speckled Bush-cricket,bush-cricket,0.99,,,28/09/2026,27/09/2026,00:04:23,ClassifEspSWE-0002026-05-29_1,JOHANKARLSSON,202609290747UMXSL9PH,,Citizen Science (ultrasonic) - shared
59~40304+18~07242_20260928_000430.wav,DEV_002_20260928_000430.wav,0,59.40304,18.07242,Leppun,Leptophyes punctatissima,Speckled Bush-cricket,bush-cricket,0.99,,,28/09/2026,27/09/2026,00:04:30,ClassifEspSWE-0002026-05-29_1,JOHANKARLSSON,202609290747UMXSL9PH,,Citizen Science (ultrasonic) - shared
59~40304+18~07242_20260928_000440.wav,DEV_002_20260928_000440.wav,0,59.40304,18.07242,Leppun,Leptophyes punctatissima,Speckled Bush-cricket,bush-cricket,0.99,,,28/09/2026,27/09/2026,00:04:40,ClassifEspSWE-0002026-05-29_1,JOHANKARLSSON,202609290747UMXSL9PH,,Citizen Science (ultrasonic) - shared
59~40304+18~07242_20260928_000448.wav,DEV_002_20260928_000448.wav,0,59.40304,18.07242,Leppun,Leptophyes punctatissima,Speckled Bush-cricket,bush-cricket,0.99,,,28/09/2026,27/09/2026,00:04:48,ClassifEspSWE-0002026-05-29_1,JOHANKARLSSON,202609290747UMXSL9PH,,Citizen Science (ultrasonic) - shared
59~40304+18~07242_20260928_000455.wav,DEV_002_20260928_000455.wav,0,59.40304,18.07242,Leppun,Leptophyes punctatissima,Speckled Bush-cricket,bush-cricket,0.99,,,28/09/2026,27/09/2026,00:04:55,ClassifEspSWE-0002026-05-29_1,JOHANKARLSSON,202609290747UMXSL9PH,,Citizen Science (ultrasonic) - shared
59~40304+18~07242_20260928_000507.wav,DEV_002_20260928_000507.wav,0,59.40304,18.07242,Leppun,Leptophyes punctatissima,Speckled Bush-cricket,bush-cricket,0.99,,,28/09/2026,27/09/2026,00:05:07,ClassifEspSWE-0002026-05-29_1,JOHANKARLSSON,202609290747UMXSL9PH,,Citizen Science (ultrasonic) - shared
59~40304+18~07242_20260928_000515.wav,DEV_002_20260928_000515.wav,0,59.40304,18.07242,Leppun,Leptophyes punctatissima,Speckled Bush-cricket,bush-cricket,0.99,,,28/09/2026,27/09/2026,00:05:15,ClassifEspSWE-0002026-05-29_1,JOHANKARLSSON,202609290747UMXSL9PH,,Citizen Science (ultrasonic) - shared
59~40304+18~07242_20260928_000523.wav,DEV_002_20260928_000523.wav,0,59.40304,18.07242,Leppun,Leptophyes punctatissima,Speckled Bush-cricket,bush-cricket,0.99,,,28/09/2026,27/09/2026,00:05:23,ClassifEspSWE-0002026-05-29_1,JOHANKARLSSON,202609290747UMXSL9PH,,Citizen Science (ultrasonic) - shared
59~40304+18~07242_20260928_000530.wav,DEV_002_20260928_000530.wav,0,59.40304,18.07242,Leppun,Leptophyes punctatissima,Speckled Bush-cricket,bush-cricket,0.99,,,28/09/2026,27/09/2026,00:05:30,ClassifEspSWE-0002026-05-29_1,JOHANKARLSSON,202609290747UMXSL9PH,,Citizen Science (ultrasonic) - shared
59~40304+18~07242_20260928_000536.wav,DEV_002_20260928_000536.wav,0,59.40304,18.07242,Leppun,Leptophyes punctatissima,Speckled Bush-cricket,bush-cricket,0.99,,,28/09/2026,27/09/2026,00:05:36,ClassifEspSWE-0002026-05-29_1,JOHANKARLSSON,202609290747UMXSL9PH,,Citizen Science (ultrasonic) - shared
59~40304+18~07242_20260928_000548.wav,DEV_002_20260928_000548.wav,0,59.40304,18.07242,Leppun,Leptophyes punctatissima,Speckled Bush-cricket,bush-cricket,0.99,,,28/09/2026,27/09/2026,00:05:48,ClassifEspSWE-0002026-05-29_1,JOHANKARLSSON,202609290747UMXSL9PH,,Citizen Science (ultrasonic) - shared
59~40304+18~07242_20260928_000556.wav,DEV_002_20260928_000556.wav,0,59.40304,18.07242,Leppun,Leptophyes punctatissima,Speckled Bush-cricket,bush-cricket,0.99,,,28/09/2026,27/09/2026,00:05:56,ClassifEspSWE-0002026-05-29_1,JOHANKARLSSON,202609290747UMXSL9PH,,Citizen Science (ultrasonic) - shared
59~40304+18~07242_20260928_000602.wav,DEV_002_20260928_000602.wav,0,59.40304,18.07242,Leppun,Leptophyes punctatissima,Speckled Bush-cricket,bush-cricket,0.99,,,28/09/2026,27/09/2026,00:06:02,ClassifEspSWE-0002026-05-29_1,JOHANKARLSSON,202609290747UMXSL9PH,,Citizen Science (ultrasonic) - shared
59~40304+18~07242_20260928_000613.wav,DEV_002_20260928_000613.wav,0,59.40304,18.07242,Leppun,Leptophyes punctatissima,Speckled Bush-cricket,bush-cricket,0.99,,,28/09/2026,27/09/2026,00:06:13,ClassifEspSWE-0002026-05-29_1,JOHANKARLSSON,202609290747UMXSL9PH,,Citizen Science (ultrasonic) - shared
59~40304+18~07242_20260928_000622.wav,DEV_002_20260928_000622.wav,0,59.40304,18.07242,Leppun,Leptophyes punctatissima,Speckled Bush-cricket,bush-cricket,0.99,,,28/09/2026,27/09/2026,00:06:22,ClassifEspSWE-0002026-05-29_1,JOHANKARLSSON,202609290747UMXSL9PH,,Citizen Science (ultrasonic) - shared
59~40304+18~07242_20260928_000634.wav,DEV_002_20260928_000634.wav,0,59.40304,18.07242,Leppun,Leptophyes punctatissima,Speckled Bush-cricket,bush-cricket,0.99,,,28/09/2026,27/09/2026,00:06:34,ClassifEspSWE-0002026-05-29_1,JOHANKARLSSON,202609290747UMXSL9PH,,Citizen Science (ultrasonic) - shared
59~40304+18~07242_20260928_000641.wav,DEV_002_20260928_000641.wav,0,59.40304,18.07242,Leppun,Leptophyes punctatissima,Speckled Bush-cricket,bush-cricket,0.99,,,28/09/2026,27/09/2026,00:06:41,ClassifEspSWE-0002026-05-29_1,JOHANKARLSSON,202609290747UMXSL9PH,,Citizen Science (ultrasonic) - shared
59~40304+18~07242_20260928_000652.wav,DEV_002_20260928_000652.wav,0,59.40304,18.07242,Leppun,Leptophyes punctatissima,Speckled Bush-cricket,bush-cricket,0.99,,,28/09/2026,27/09/2026,00:06:52,ClassifEspSWE-0002026-05-29_1,JOHANKARLSSON,202609290747UMXSL9PH,,Citizen Science (ultrasonic) - shared
59~40304+18~07242_20260928_000701.wav,DEV_002_20260928_000701.wav,0,59.40304,18.07242,Leppun,Leptophyes punctatissima,Speckled Bush-cricket,bush-cricket,0.99,,,28/09/2026,27/09/2026,00:07:01,ClassifEspSWE-0002026-05-29_1,JOHANKARLSSON,202609290747UMXSL9PH,,Citizen Science (ultrasonic) - shared
59~40304+18~07242_20260928_000707.wav,DEV_002_20260928_000707.wav,0,59.40304,18.07242,Leppun,Leptophyes punctatissima,Speckled Bush-cricket,bush-cricket,0.99,,,28/09/2026,27/09/2026,00:07:07,ClassifEspSWE-0002026-05-29_1,JOHANKARLSSON,202609290747UMXSL9PH,,Citizen Science (ultrasonic) - shared
59~40304+18~07242_20260928_000718.wav,DEV_002_20260928_000718.wav,0,59.40304,18.07242,Leppun,Leptophyes punctatissima,Speckled Bush-cricket,bush-cricket,0.99,,,28/09/2026,27/09/2026,00:07:18,ClassifEspSWE-0002026-05-29_1,JOHANKARLSSON,202609290747UMXSL9PH,,Citizen Science (ultrasonic) - shared
59~40304+18~07242_20260928_000724.wav,DEV_002_20260928_000724.wav,0,59.40304,18.07242,Leppun,Leptophyes punctatissima,Speckled Bush-cricket,bush-cricket,0.99,,,28/09/2026,27/09/2026,00:07:24,ClassifEspSWE-0002026-05-29_1,JOHANKARLSSON,202609290747UMXSL9PH,,Citizen Science (ultrasonic) - shared
59~40304+18~07242_20260928_000732.wav,DEV_002_20260928_000732.wav,0,59.40304,18.07242,Leppun,Leptophyes punctatissima,Speckled Bush-cricket,bush-cricket,0.99,,,28/09/2026,27/09/2026,00:07:32,ClassifEspSWE-0002026-05-29_1,JOHANKARLSSON,202609290747UMXSL9PH,,Citizen Science (ultrasonic) - shared
59~40304+18~07242_20260928_000750.wav,DEV_002_20260928_000750.wav,0,59.40304,18.07242,Leppun,Leptophyes punctatissima,Speckled Bush-cricket,bush-cricket,0.99,,,28/09/2026,27/09/2026,00:07:50,ClassifEspSWE-0002026-05-29_1,JOHANKARLSSON,202609290747UMXSL9PH,,Citizen Science (ultrasonic) - shared
59~40304+18~07242_20260928_000758.wav,DEV_002_20260928_000758.wav,0,59.40304,18.07242,Leppun,Leptophyes punctatissima,Speckled Bush-cricket,bush-cricket,0.99,,,28/09/2026,27/09/2026,00:07:58,ClassifEspSWE-0002026-05-29_1,JOHANKARLSSON,202609290747UMXSL9PH,,Citizen Science (ultrasonic) - shared
59~40304+18~07242_20260928_000805.wav,DEV_002_20260928_000805.wav,0,59.40304,18.07242,Leppun,Leptophyes punctatissima,Speckled Bush-cricket,bush-cricket,0.99,,,28/09/2026,27/09/2026,00:08:05,ClassifEspSWE-0002026-05-29_1,JOHANKARLSSON,202609290747UMXSL9PH,,Citizen Science (ultrasonic) - shared
59~40304+18~07242_20260928_000816.wav,DEV_002_20260928_000816.wav,0,59.40304,18.07242,Leppun,Leptophyes punctatissima,Speckled Bush-cricket,bush-cricket,0.99,,,28/09/2026,27/09/2026,00:08:16,ClassifEspSWE-0002026-05-29_1,JOHANKARLSSON,202609290747UMXSL9PH,,Citizen Science (ultrasonic) - shared
59~40304+18~07242_20260928_000826.wav,DEV_002_20260928_000826.wav,0,59.40304,18.07242,Leppun,Leptophyes punctatissima,Speckled Bush-cricket,bush-cricket,0.99,,,28/09/2026,27/09/2026,00:08:26,ClassifEspSWE-0002026-05-29_1,JOHANKARLSSON,202609290747UMXSL9PH,,Citizen Science (ultrasonic) - shared
59~40304+18~07242_20260928_000833.wav,DEV_002_20260928_000833.wav,0,59.40304,18.07242,Leppun,Leptophyes punctatissima,Speckled Bush-cricket,bush-cricket,0.99,,,28/09/2026,27/09/2026,00:08:33,ClassifEspSWE-0002026-05-29_1,JOHANKARLSSON,202609290747UMXSL9PH,,Citizen Science (ultrasonic) - shared
59~40304+18~07242_20260928_000841.wav,DEV_002_20260928_000841.wav,0,59.40304,18.07242,Leppun,Leptophyes punctatissima,Speckled Bush-cricket,bush-cricket,0.99,,,28/09/2026,27/09/2026,00:08:41,ClassifEspSWE-0002026-05-29_1,JOHANKARLSSON,202609290747UMXSL9PH,,Citizen Science (ultrasonic) - shared
59~40304+18~07242_20260928_000848.wav,DEV_002_20260928_000848.wav,0,59.40304,18.07242,Leppun,Leptophyes punctatissima,Speckled Bush-cricket,bush-cricket,0.99,,,28/09/2026,27/09/2026,00:08:48,ClassifEspSWE-0002026-05-29_1,JOHANKARLSSON,202609290747UMXSL9PH,,Citizen Science (ultrasonic) - shared
59~40304+18~07242_20260928_000900.wav,DEV_002_20260928_000900.wav,0,59.40304,18.07242,Leppun,Leptophyes punctatissima,Speckled Bush-cricket,bush-cricket,0.99,,,28/09/2026,27/09/2026,00:09:00,ClassifEspSWE-0002026-05-29_1,JOHANKARLSSON,202609290747UMXSL9PH,,Citizen Science (ultrasonic) - shared
59~40304+18~07242_20260928_000915.wav,DEV_002_20260928_000915.wav,0,59.40304,18.07242,Leppun,Leptophyes punctatissima,Speckled Bush-cricket,bush-cricket,0.99,,,28/09/2026,27/09/2026,00:09:15,ClassifEspSWE-0002026-05-29_1,JOHANKARLSSON,202609290747UMXSL9PH,,Citizen Science (ultrasonic) - shared
59~40304+18~07242_20260928_000933.wav,DEV_002_20260928_000933.wav,0,59.40304,18.07242,Leppun,Leptophyes punctatissima,Speckled Bush-cricket,bush-cricket,0.99,,,28/09/2026,27/09/2026,00:09:33,ClassifEspSWE-0002026-05-29_1,JOHANKARLSSON,202609290747UMXSL9PH,,Citizen Science (ultrasonic) - shared
59~40304+18~07242_20260928_000952.wav,DEV_002_20260928_000952.wav,0,59.40304,18.07242,Leppun,Leptophyes punctatissima,Speckled Bush-cricket,bush-cricket,0.99,,,28/09/2026,27/09/2026,00:09:52,ClassifEspSWE-0002026-05-29_1,JOHANKARLSSON,202609290747UMXSL9PH,,Citizen Science (ultrasonic) - shared
59~40304+18~07242_20260928_001007.wav,DEV_002_20260928_001007.wav,0,59.40304,18.07242,Leppun,Leptophyes punctatissima,Speckled Bush-cricket,bush-cricket,0.99,,,28/09/2026,27/09/2026,00:10:07,ClassifEspSWE-0002026-05-29_1,JOHANKARLSSON,202609290747UMXSL9PH,,Citizen Science (ultrasonic) - shared
59~40304+18~07242_20260928_001035.wav,DEV_002_20260928_001035.wav,0,59.40304,18.07242,Leppun,Leptophyes punctatissima,Speckled Bush-cricket,bush-cricket,0.99,,,28/09/2026,27/09/2026,00:10:35,ClassifEspSWE-0002026-05-29_1,JOHANKARLSSON,202609290747UMXSL9PH,,Citizen Science (ultrasonic) - shared
59~40304+18~07242_20260928_001131.wav,DEV_002_20260928_001131.wav,0,59.40304,18.07242,Leppun,Leptophyes punctatissima,Speckled Bush-cricket,bush-cricket,0.99,,,28/09/2026,27/09/2026,00:11:31,ClassifEspSWE-0002026-05-29_1,JOHANKARLSSON,202609290747UMXSL9PH,,Citizen Science (ultrasonic) - shared
59~40304+18~07242_20260928_001314.wav,DEV_002_20260928_001314.wav,0,59.40304,18.07242,Leppun,Leptophyes punctatissima,Speckled Bush-cricket,bush-cricket,0.99,,,28/09/2026,27/09/2026,00:13:14,ClassifEspSWE-0002026-05-29_1,JOHANKARLSSON,202609290747UMXSL9PH,,Citizen Science (ultrasonic) - shared
59~40304+18~07242_20260928_001353.wav,DEV_002_20260928_001353.wav,0,59.40304,18.07242,Leppun,Leptophyes punctatissima,Speckled Bush-cricket,bush-cricket,0.99,,,28/09/2026,27/09/2026,00:13:53,ClassifEspSWE-0002026-05-29_1,JOHANKARLSSON,202609290747UMXSL9PH,,Citizen Science (ultrasonic) - shared
59~40304+18~07242_20260928_001415.wav,DEV_002_20260928_001415.wav,0,59.40304,18.07242,Leppun,Leptophyes punctatissima,Speckled Bush-cricket,bush-cricket,0.99,,,28/09/2026,27/09/2026,00:14:15,ClassifEspSWE-0002026-05-29_1,JOHANKARLSSON,202609290747UMXSL9PH,,Citizen Science (ultrasonic) - shared
59~40304+18~07242_20260928_001506.wav,DEV_002_20260928_001506.wav,0,59.40304,18.07242,Leppun,Leptophyes punctatissima,Speckled Bush-cricket,bush-cricket,0.99,,,28/09/2026,27/09/2026,00:15:06,ClassifEspSWE-0002026-05-29_1,JOHANKARLSSON,202609290747UMXSL9PH,,Citizen Science (ultrasonic) - shared
59~40304+18~07242_20260928_001513.wav,DEV_002_20260928_001513.wav,0,59.40304,18.07242,Leppun,Leptophyes punctatissima,Speckled Bush-cricket,bush-cricket,0.99,,,28/09/2026,27/09/2026,00:15:13,ClassifEspSWE-0002026-05-29_1,JOHANKARLSSON,202609290747UMXSL9PH,,Citizen Science (ultrasonic) - shared
59~40304+18~07242_20260928_001537.wav,DEV_002_20260928_001537.wav,0,59.40304,18.07242,Leppun,Leptophyes punctatissima,Speckled Bush-cricket,bush-cricket,0.99,,,28/09/2026,27/09/2026,00:15:37,ClassifEspSWE-0002026-05-29_1,JOHANKARLSSON,202609290747UMXSL9PH,,Citizen Science (ultrasonic) - shared
59~40304+18~07242_20260928_001603.wav,DEV_002_20260928_001603.wav,0,59.40304,18.07242,Leppun,Leptophyes punctatissima,Speckled Bush-cricket,bush-cricket,0.99,,,28/09/2026,27/09/2026,00:16:03,ClassifEspSWE-0002026-05-29_1,JOHANKARLSSON,202609290747UMXSL9PH,,Citizen Science (ultrasonic) - shared
59~40304+18~07242_20260928_001752.wav,DEV_002_20260928_001752.wav,0,59.40304,18.07242,Leppun,Leptophyes punctatissima,Speckled Bush-cricket,bush-cricket,0.99,,,28/09/2026,27/09/2026,00:17:52,ClassifEspSWE-0002026-05-29_1,JOHANKARLSSON,202609290747UMXSL9PH,,Citizen Science (ultrasonic) - shared
59~40304+18~07242_20260928_001802.wav,DEV_002_20260928_001802.wav,0,59.40304,18.07242,Leppun,Leptophyes punctatissima,Speckled Bush-cricket,bush-cricket,0.99,,,28/09/2026,27/09/2026,00:18:02,ClassifEspSWE-0002026-05-29_1,JOHANKARLSSON,202609290747UMXSL9PH,,Citizen Science (ultrasonic) - shared
59~40304+18~07242_20260928_001825.wav,DEV_002_20260928_001825.wav,0,59.40304,18.07242,Leppun,Leptophyes punctatissima,Speckled Bush-cricket,bush-cricket,0.99,,,28/09/2026,27/09/2026,00:18:25,ClassifEspSWE-0002026-05-29_1,JOHANKARLSSON,202609290747UMXSL9PH,,Citizen Science (ultrasonic) - shared
59~40304+18~07242_20260928_001836.wav,DEV_002_20260928_001836.wav,0,59.40304,18.07242,Leppun,Leptophyes punctatissima,Speckled Bush-cricket,bush-cricket,0.99,,,28/09/2026,27/09/2026,00:18:36,ClassifEspSWE-0002026-05-29_1,JOHANKARLSSON,202609290747UMXSL9PH,,Citizen Science (ultrasonic) - shared
59~40304+18~07242_20260928_001857.wav,DEV_002_20260928_001857.wav,0,59.40304,18.07242,Leppun,Leptophyes punctatissima,Speckled Bush-cricket,bush-cricket,0.99,,,28/09/2026,27/09/2026,00:18:57,ClassifEspSWE-0002026-05-29_1,JOHANKARLSSON,202609290747UMXSL9PH,,Citizen Science (ultrasonic) - shared
59~40304+18~07242_20260928_001951.wav,DEV_002_20260928_001951.wav,0,59.40304,18.07242,Leppun,Leptophyes punctatissima,Speckled Bush-cricket,bush-cricket,0.99,,,28/09/2026,27/09/2026,00:19:51,ClassifEspSWE-0002026-05-29_1,JOHANKARLSSON,202609290747UMXSL9PH,,Citizen Science (ultrasonic) - shared
59~40304+18~07242_20260928_002154.wav,DEV_002_20260928_002154.wav,0,59.40304,18.07242,Leppun,Leptophyes punctatissima,Speckled Bush-cricket,bush-cricket,0.99,,,28/09/2026,27/09/2026,00:21:54,ClassifEspSWE-0002026-05-29_1,JOHANKARLSSON,202609290747UMXSL9PH,,Citizen Science (ultrasonic) - shared
59~40304+18~07242_20260928_002325.wav,DEV_002_20260928_002325.wav,0,59.40304,18.07242,Leppun,Leptophyes punctatissima,Speckled Bush-cricket,bush-cricket,0.99,,,28/09/2026,27/09/2026,00:23:25,ClassifEspSWE-0002026-05-29_1,JOHANKARLSSON,202609290747UMXSL9PH,,Citizen Science (ultrasonic) - shared
59~40304+18~07242_20260928_002346.wav,DEV_002_20260928_002346.wav,0,59.40304,18.07242,Leppun,Leptophyes punctatissima,Speckled Bush-cricket,bush-cricket,0.99,,,28/09/2026,27/09/2026,00:23:46,ClassifEspSWE-0002026-05-29_1,JOHANKARLSSON,202609290747UMXSL9PH,,Citizen Science (ultrasonic) - shared
59~40304+18~07242_20260928_002351.wav,DEV_002_20260928_002351.wav,0,59.40304,18.07242,Leppun,Leptophyes punctatissima,Speckled Bush-cricket,bush-cricket,0.99,,,28/09/2026,27/09/2026,00:23:51,ClassifEspSWE-0002026-05-29_1,JOHANKARLSSON,202609290747UMXSL9PH,,Citizen Science (ultrasonic) - shared
59~40304+18~07242_20260928_002443.wav,DEV_002_20260928_002443.wav,0,59.40304,18.07242,Leppun,Leptophyes punctatissima,Speckled Bush-cricket,bush-cricket,0.99,,,28/09/2026,27/09/2026,00:24:43,ClassifEspSWE-0002026-05-29_1,JOHANKARLSSON,202609290747UMXSL9PH,,Citizen Science (ultrasonic) - shared
59~40304+18~07242_20260928_002534.wav,DEV_002_20260928_002534.wav,0,59.40304,18.07242,Leppun,Leptophyes punctatissima,Speckled Bush-cricket,bush-cricket,0.99,,,28/09/2026,27/09/2026,00:25:34,ClassifEspSWE-0002026-05-29_1,JOHANKARLSSON,202609290747UMXSL9PH,,Citizen Science (ultrasonic) - shared
59~40304+18~07242_20260928_002541.wav,DEV_002_20260928_002541.wav,0,59.40304,18.07242,Leppun,Leptophyes punctatissima,Speckled Bush-cricket,bush-cricket,0.99,,,28/09/2026,27/09/2026,00:25:41,ClassifEspSWE-0002026-05-29_1,JOHANKARLSSON,202609290747UMXSL9PH,,Citizen Science (ultrasonic) - shared
59~40304+18~07242_20260928_002703.wav,DEV_002_20260928_002703.wav,0,59.40304,18.07242,Leppun,Leptophyes punctatissima,Speckled Bush-cricket,bush-cricket,0.99,,,28/09/2026,27/09/2026,00:27:03,ClassifEspSWE-0002026-05-29_1,JOHANKARLSSON,202609290747UMXSL9PH,,Citizen Science (ultrasonic) - shared
59~40304+18~07242_20260928_002733.wav,DEV_002_20260928_002733.wav,0,59.40304,18.07242,Leppun,Leptophyes punctatissima,Speckled Bush-cricket,bush-cricket,0.99,,,28/09/2026,27/09/2026,00:27:33,ClassifEspSWE-0002026-05-29_1,JOHANKARLSSON,202609290747UMXSL9PH,,Citizen Science (ultrasonic) - shared
59~40304+18~07242_20260928_002745.wav,DEV_002_20260928_002745.wav,0,59.40304,18.07242,Leppun,Leptophyes punctatissima,Speckled Bush-cricket,bush-cricket,0.99,,,28/09/2026,27/09/2026,00:27:45,ClassifEspSWE-0002026-05-29_1,JOHANKARLSSON,202609290747UMXSL9PH,,Citizen Science (ultrasonic) - shared
59~40304+18~07242_20260928_002755.wav,DEV_002_20260928_002755.wav,0,59.40304,18.07242,Leppun,Leptophyes punctatissima,Speckled Bush-cricket,bush-cricket,0.99,,,28/09/2026,27/09/2026,00:27:55,ClassifEspSWE-0002026-05-29_1,JOHANKARLSSON,202609290747UMXSL9PH,,Citizen Science (ultrasonic) - shared
59~40304+18~07242_20260928_003057.wav,DEV_002_20260928_003057.wav,0,59.40304,18.07242,Leppun,Leptophyes punctatissima,Speckled Bush-cricket,bush-cricket,0.99,,,28/09/2026,27/09/2026,00:30:57,ClassifEspSWE-0002026-05-29_1,JOHANKARLSSON,202609290747UMXSL9PH,,Citizen Science (ultrasonic) - shared
59~40304+18~07242_20260928_003137.wav,DEV_002_20260928_003137.wav,0,59.40304,18.07242,Leppun,Leptophyes punctatissima,Speckled Bush-cricket,bush-cricket,0.99,,,28/09/2026,27/09/2026,00:31:37,ClassifEspSWE-0002026-05-29_1,JOHANKARLSSON,202609290747UMXSL9PH,,Citizen Science (ultrasonic) - shared
59~40304+18~07242_20260928_003156.wav,DEV_002_20260928_003156.wav,0,59.40304,18.07242,Leppun,Leptophyes punctatissima,Speckled Bush-cricket,bush-cricket,0.99,,,28/09/2026,27/09/2026,00:31:56,ClassifEspSWE-0002026-05-29_1,JOHANKARLSSON,202609290747UMXSL9PH,,Citizen Science (ultrasonic) - shared
59~40304+18~07242_20260928_003204.wav,DEV_002_20260928_003204.wav,0,59.40304,18.07242,Leppun,Leptophyes punctatissima,Speckled Bush-cricket,bush-cricket,0.99,,,28/09/2026,27/09/2026,00:32:04,ClassifEspSWE-0002026-05-29_1,JOHANKARLSSON,202609290747UMXSL9PH,,Citizen Science (ultrasonic) - shared
59~40304+18~07242_20260928_003212.wav,DEV_002_20260928_003212.wav,0,59.40304,18.07242,Leppun,Leptophyes punctatissima,Speckled Bush-cricket,bush-cricket,0.99,,,28/09/2026,27/09/2026,00:32:12,ClassifEspSWE-0002026-05-29_1,JOHANKARLSSON,202609290747UMXSL9PH,,Citizen Science (ultrasonic) - shared
59~40304+18~07242_20260928_003221.wav,DEV_002_20260928_003221.wav,0,59.40304,18.07242,Leppun,Leptophyes punctatissima,Speckled Bush-cricket,bush-cricket,0.99,,,28/09/2026,27/09/2026,00:32:21,ClassifEspSWE-0002026-05-29_1,JOHANKARLSSON,202609290747UMXSL9PH,,Citizen Science (ultrasonic) - shared
59~40304+18~07242_20260928_003256.wav,DEV_002_20260928_003256.wav,0,59.40304,18.07242,Leppun,Leptophyes punctatissima,Speckled Bush-cricket,bush-cricket,0.99,,,28/09/2026,27/09/2026,00:32:56,ClassifEspSWE-0002026-05-29_1,JOHANKARLSSON,202609290747UMXSL9PH,,Citizen Science (ultrasonic) - shared
59~40304+18~07242_20260928_003643.wav,DEV_002_20260928_003643.wav,0,59.40304,18.07242,Leppun,Leptophyes punctatissima,Speckled Bush-cricket,bush-cricket,0.99,,,28/09/2026,27/09/2026,00:36:43,ClassifEspSWE-0002026-05-29_1,JOHANKARLSSON,202609290747UMXSL9PH,,Citizen Science (ultrasonic) - shared
59~40304+18~07242_20260928_004050.wav,DEV_002_20260928_004050.wav,0,59.40304,18.07242,Leppun,Leptophyes punctatissima,Speckled Bush-cricket,bush-cricket,0.99,,,28/09/2026,27/09/2026,00:40:50,ClassifEspSWE-0002026-05-29_1,JOHANKARLSSON,202609290747UMXSL9PH,,Citizen Science (ultrasonic) - shared
59~40304+18~07242_20260928_004942.wav,DEV_002_20260928_004942.wav,0,59.40304,18.07242,Leppun,Leptophyes punctatissima,Speckled Bush-cricket,bush-cricket,0.99,,,28/09/2026,27/09/2026,00:49:42,ClassifEspSWE-0002026-05-29_1,JOHANKARLSSON,202609290747UMXSL9PH,,Citizen Science (ultrasonic) - shared
59~40304+18~07242_20260928_004951.wav,DEV_002_20260928_004951.wav,0,59.40304,18.07242,Leppun,Leptophyes punctatissima,Speckled Bush-cricket,bush-cricket,0.99,,,28/09/2026,27/09/2026,00:49:51,ClassifEspSWE-0002026-05-29_1,JOHANKARLSSON,202609290747UMXSL9PH,,Citizen Science (ultrasonic) - shared
59~40304+18~07242_20260928_005001.wav,DEV_002_20260928_005001.wav,0,59.40304,18.07242,Leppun,Leptophyes punctatissima,Speckled Bush-cricket,bush-cricket,0.99,,,28/09/2026,27/09/2026,00:50:01,ClassifEspSWE-0002026-05-29_1,JOHANKARLSSON,202609290747UMXSL9PH,,Citizen Science (ultrasonic) - shared
59~40304+18~07242_20260928_005008.wav,DEV_002_20260928_005008.wav,0,59.40304,18.07242,Leppun,Leptophyes punctatissima,Speckled Bush-cricket,bush-cricket,0.99,,,28/09/2026,27/09/2026,00:50:08,ClassifEspSWE-0002026-05-29_1,JOHANKARLSSON,202609290747UMXSL9PH,,Citizen Science (ultrasonic) - shared
59~40304+18~07242_20260928_005018.wav,DEV_002_20260928_005018.wav,0,59.40304,18.07242,Leppun,Leptophyes punctatissima,Speckled Bush-cricket,bush-cricket,0.99,,,28/09/2026,27/09/2026,00:50:18,ClassifEspSWE-0002026-05-29_1,JOHANKARLSSON,202609290747UMXSL9PH,,Citizen Science (ultrasonic) - shared
59~40304+18~07242_20260928_005033.wav,DEV_002_20260928_005033.wav,0,59.40304,18.07242,Leppun,Leptophyes punctatissima,Speckled Bush-cricket,bush-cricket,0.99,,,28/09/2026,27/09/2026,00:50:33,ClassifEspSWE-0002026-05-29_1,JOHANKARLSSON,202609290747UMXSL9PH,,Citizen Science (ultrasonic) - shared
59~40304+18~07242_20260928_005040.wav,DEV_002_20260928_005040.wav,0,59.40304,18.07242,Leppun,Leptophyes punctatissima,Speckled Bush-cricket,bush-cricket,0.99,,,28/09/2026,27/09/2026,00:50:40,ClassifEspSWE-0002026-05-29_1,JOHANKARLSSON,202609290747UMXSL9PH,,Citizen Science (ultrasonic) - shared
59~40304+18~07242_20260928_005059.wav,DEV_002_20260928_005059.wav,0,59.40304,18.07242,Leppun,Leptophyes punctatissima,Speckled Bush-cricket,bush-cricket,0.99,,,28/09/2026,27/09/2026,00:50:59,ClassifEspSWE-0002026-05-29_1,JOHANKARLSSON,202609290747UMXSL9PH,,Citizen Science (ultrasonic) - shared
59~40304+18~07242_20260928_005106.wav,DEV_002_20260928_005106.wav,0,59.40304,18.07242,Leppun,Leptophyes punctatissima,Speckled Bush-cricket,bush-cricket,0.99,,,28/09/2026,27/09/2026,00:51:06,ClassifEspSWE-0002026-05-29_1,JOHANKARLSSON,202609290747UMXSL9PH,,Citizen Science (ultrasonic) - shared
59~40304+18~07242_20260928_005114.wav,DEV_002_20260928_005114.wav,0,59.40304,18.07242,Leppun,Leptophyes punctatissima,Speckled Bush-cricket,bush-cricket,0.99,,,28/09/2026,27/09/2026,00:51:14,ClassifEspSWE-0002026-05-29_1,JOHANKARLSSON,202609290747UMXSL9PH,,Citizen Science (ultrasonic) - shared
59~40304+18~07242_20260928_005120.wav,DEV_002_20260928_005120.wav,0,59.40304,18.07242,Leppun,Leptophyes punctatissima,Speckled Bush-cricket,bush-cricket,0.99,,,28/09/2026,27/09/2026,00:51:20,ClassifEspSWE-0002026-05-29_1,JOHANKARLSSON,202609290747UMXSL9PH,,Citizen Science (ultrasonic) - shared
59~40304+18~07242_20260928_005126.wav,DEV_002_20260928_005126.wav,0,59.40304,18.07242,Leppun,Leptophyes punctatissima,Speckled Bush-cricket,bush-cricket,0.99,,,28/09/2026,27/09/2026,00:51:26,ClassifEspSWE-0002026-05-29_1,JOHANKARLSSON,202609290747UMXSL9PH,,Citizen Science (ultrasonic) - shared
59~40304+18~07242_20260928_005136.wav,DEV_002_20260928_005136.wav,0,59.40304,18.07242,Leppun,Leptophyes punctatissima,Speckled Bush-cricket,bush-cricket,0.99,,,28/09/2026,27/09/2026,00:51:36,ClassifEspSWE-0002026-05-29_1,JOHANKARLSSON,202609290747UMXSL9PH,,Citizen Science (ultrasonic) - shared
59~40304+18~07242_20260928_005207.wav,DEV_002_20260928_005207.wav,0,59.40304,18.07242,Leppun,Leptophyes punctatissima,Speckled Bush-cricket,bush-cricket,0.99,,,28/09/2026,27/09/2026,00:52:07,ClassifEspSWE-0002026-05-29_1,JOHANKARLSSON,202609290747UMXSL9PH,,Citizen Science (ultrasonic) - shared
59~40304+18~07242_20260928_005223.wav,DEV_002_20260928_005223.wav,0,59.40304,18.07242,Leppun,Leptophyes punctatissima,Speckled Bush-cricket,bush-cricket,0.99,,,28/09/2026,27/09/2026,00:52:23,ClassifEspSWE-0002026-05-29_1,JOHANKARLSSON,202609290747UMXSL9PH,,Citizen Science (ultrasonic) - shared
59~40304+18~07242_20260928_005231.wav,DEV_002_20260928_005231.wav,0,59.40304,18.07242,Leppun,Leptophyes punctatissima,Speckled Bush-cricket,bush-cricket,0.99,,,28/09/2026,27/09/2026,00:52:31,ClassifEspSWE-0002026-05-29_1,JOHANKARLSSON,202609290747UMXSL9PH,,Citizen Science (ultrasonic) - shared
59~40304+18~07242_20260928_005241.wav,DEV_002_20260928_005241.wav,0,59.40304,18.07242,Leppun,Leptophyes punctatissima,Speckled Bush-cricket,bush-cricket,0.99,,,28/09/2026,27/09/2026,00:52:41,ClassifEspSWE-0002026-05-29_1,JOHANKARLSSON,202609290747UMXSL9PH,,Citizen Science (ultrasonic) - shared
59~40304+18~07242_20260928_005307.wav,DEV_002_20260928_005307.wav,0,59.40304,18.07242,Leppun,Leptophyes punctatissima,Speckled Bush-cricket,bush-cricket,0.99,,,28/09/2026,27/09/2026,00:53:07,ClassifEspSWE-0002026-05-29_1,JOHANKARLSSON,202609290747UMXSL9PH,,Citizen Science (ultrasonic) - shared
59~40304+18~07242_20260928_005316.wav,DEV_002_20260928_005316.wav,0,59.40304,18.07242,Leppun,Leptophyes punctatissima,Speckled Bush-cricket,bush-cricket,0.99,,,28/09/2026,27/09/2026,00:53:16,ClassifEspSWE-0002026-05-29_1,JOHANKARLSSON,202609290747UMXSL9PH,,Citizen Science (ultrasonic) - shared
59~40304+18~07242_20260928_005330.wav,DEV_002_20260928_005330.wav,0,59.40304,18.07242,Leppun,Leptophyes punctatissima,Speckled Bush-cricket,bush-cricket,0.99,,,28/09/2026,27/09/2026,00:53:30,ClassifEspSWE-0002026-05-29_1,JOHANKARLSSON,202609290747UMXSL9PH,,Citizen Science (ultrasonic) - shared
59~40304+18~07242_20260928_005351.wav,DEV_002_20260928_005351.wav,0,59.40304,18.07242,Leppun,Leptophyes punctatissima,Speckled Bush-cricket,bush-cricket,0.99,,,28/09/2026,27/09/2026,00:53:51,ClassifEspSWE-0002026-05-29_1,JOHANKARLSSON,202609290747UMXSL9PH,,Citizen Science (ultrasonic) - shared
59~40304+18~07242_20260928_005400.wav,DEV_002_20260928_005400.wav,0,59.40304,18.07242,Leppun,Leptophyes punctatissima,Speckled Bush-cricket,bush-cricket,0.99,,,28/09/2026,27/09/2026,00:54:00,ClassifEspSWE-0002026-05-29_1,JOHANKARLSSON,202609290747UMXSL9PH,,Citizen Science (ultrasonic) - shared
59~40304+18~07242_20260928_005406.wav,DEV_002_20260928_005406.wav,0,59.40304,18.07242,Leppun,Leptophyes punctatissima,Speckled Bush-cricket,bush-cricket,0.99,,,28/09/2026,27/09/2026,00:54:06,ClassifEspSWE-0002026-05-29_1,JOHANKARLSSON,202609290747UMXSL9PH,,Citizen Science (ultrasonic) - shared
59~40304+18~07242_20260928_005414.wav,DEV_002_20260928_005414.wav,0,59.40304,18.07242,Leppun,Leptophyes punctatissima,Speckled Bush-cricket,bush-cricket,0.99,,,28/09/2026,27/09/2026,00:54:14,ClassifEspSWE-0002026-05-29_1,JOHANKARLSSON,202609290747UMXSL9PH,,Citizen Science (ultrasonic) - shared
59~40304+18~07242_20260928_005422.wav,DEV_002_20260928_005422.wav,0,59.40304,18.07242,Leppun,Leptophyes punctatissima,Speckled Bush-cricket,bush-cricket,0.99,,,28/09/2026,27/09/2026,00:54:22,ClassifEspSWE-0002026-05-29_1,JOHANKARLSSON,202609290747UMXSL9PH,,Citizen Science (ultrasonic) - shared
59~40304+18~07242_20260928_005510.wav,DEV_002_20260928_005510.wav,0,59.40304,18.07242,Leppun,Leptophyes punctatissima,Speckled Bush-cricket,bush-cricket,0.99,,,28/09/2026,27/09/2026,00:55:10,ClassifEspSWE-0002026-05-29_1,JOHANKARLSSON,202609290747UMXSL9PH,,Citizen Science (ultrasonic) - shared
59~40304+18~07242_20260928_005518.wav,DEV_002_20260928_005518.wav,0,59.40304,18.07242,Leppun,Leptophyes punctatissima,Speckled Bush-cricket,bush-cricket,0.99,,,28/09/2026,27/09/2026,00:55:18,ClassifEspSWE-0002026-05-29_1,JOHANKARLSSON,202609290747UMXSL9PH,,Citizen Science (ultrasonic) - shared
59~40304+18~07242_20260928_005537.wav,DEV_002_20260928_005537.wav,0,59.40304,18.07242,Leppun,Leptophyes punctatissima,Speckled Bush-cricket,bush-cricket,0.99,,,28/09/2026,27/09/2026,00:55:37,ClassifEspSWE-0002026-05-29_1,JOHANKARLSSON,202609290747UMXSL9PH,,Citizen Science (ultrasonic) - shared
59~40304+18~07242_20260928_005546.wav,DEV_002_20260928_005546.wav,0,59.40304,18.07242,Leppun,Leptophyes punctatissima,Speckled Bush-cricket,bush-cricket,0.99,,,28/09/2026,27/09/2026,00:55:46,ClassifEspSWE-0002026-05-29_1,JOHANKARLSSON,202609290747UMXSL9PH,,Citizen Science (ultrasonic) - shared
59~40304+18~07242_20260928_005649.wav,DEV_002_20260928_005649.wav,0,59.40304,18.07242,Leppun,Leptophyes punctatissima,Speckled Bush-cricket,bush-cricket,0.99,,,28/09/2026,27/09/2026,00:56:49,ClassifEspSWE-0002026-05-29_1,JOHANKARLSSON,202609290747UMXSL9PH,,Citizen Science (ultrasonic) - shared
59~40304+18~07242_20260928_005707.wav,DEV_002_20260928_005707.wav,0,59.40304,18.07242,Leppun,Leptophyes punctatissima,Speckled Bush-cricket,bush-cricket,0.99,,,28/09/2026,27/09/2026,00:57:07,ClassifEspSWE-0002026-05-29_1,JOHANKARLSSON,202609290747UMXSL9PH,,Citizen Science (ultrasonic) - shared
59~40304+18~07242_20260928_005800.wav,DEV_002_20260928_005800.wav,0,59.40304,18.07242,Leppun,Leptophyes punctatissima,Speckled Bush-cricket,bush-cricket,0.99,,,28/09/2026,27/09/2026,00:58:00,ClassifEspSWE-0002026-05-29_1,JOHANKARLSSON,202609290747UMXSL9PH,,Citizen Science (ultrasonic) - shared
59~40304+18~07242_20260928_005808.wav,DEV_002_20260928_005808.wav,0,59.40304,18.07242,Leppun,Leptophyes punctatissima,Speckled Bush-cricket,bush-cricket,0.99,,,28/09/2026,27/09/2026,00:58:08,ClassifEspSWE-0002026-05-29_1,JOHANKARLSSON,202609290747UMXSL9PH,,Citizen Science (ultrasonic) - shared
59~40304+18~07242_20260928_005815.wav,DEV_002_20260928_005815.wav,0,59.40304,18.07242,Leppun,Leptophyes punctatissima,Speckled Bush-cricket,bush-cricket,0.99,,,28/09/2026,27/09/2026,00:58:15,ClassifEspSWE-0002026-05-29_1,JOHANKARLSSON,202609290747UMXSL9PH,,Citizen Science (ultrasonic) - shared
59~40304+18~07242_20260928_005828.wav,DEV_002_20260928_005828.wav,0,59.40304,18.07242,Leppun,Leptophyes punctatissima,Speckled Bush-cricket,bush-cricket,0.99,,,28/09/2026,27/09/2026,00:58:28,ClassifEspSWE-0002026-05-29_1,JOHANKARLSSON,202609290747UMXSL9PH,,Citizen Science (ultrasonic) - shared
59~40304+18~07242_20260928_005837.wav,DEV_002_20260928_005837.wav,0,59.40304,18.07242,Leppun,Leptophyes punctatissima,Speckled Bush-cricket,bush-cricket,0.99,,,28/09/2026,27/09/2026,00:58:37,ClassifEspSWE-0002026-05-29_1,JOHANKARLSSON,202609290747UMXSL9PH,,Citizen Science (ultrasonic) - shared
59~40304+18~07242_20260928_005845.wav,DEV_002_20260928_005845.wav,0,59.40304,18.07242,Leppun,Leptophyes punctatissima,Speckled Bush-cricket,bush-cricket,0.99,,,28/09/2026,27/09/2026,00:58:45,ClassifEspSWE-0002026-05-29_1,JOHANKARLSSON,202609290747UMXSL9PH,,Citizen Science (ultrasonic) - shared
59~40304+18~07242_20260928_005853.wav,DEV_002_20260928_005853.wav,0,59.40304,18.07242,Leppun,Leptophyes punctatissima,Speckled Bush-cricket,bush-cricket,0.99,,,28/09/2026,27/09/2026,00:58:53,ClassifEspSWE-0002026-05-29_1,JOHANKARLSSON,202609290747UMXSL9PH,,Citizen Science (ultrasonic) - shared
59~40304+18~07242_20260928_005901.wav,DEV_002_20260928_005901.wav,0,59.40304,18.07242,Leppun,Leptophyes punctatissima,Speckled Bush-cricket,bush-cricket,0.99,,,28/09/2026,27/09/2026,00:59:01,ClassifEspSWE-0002026-05-29_1,JOHANKARLSSON,202609290747UMXSL9PH,,Citizen Science (ultrasonic) - shared
59~40304+18~07242_20260928_005930.wav,DEV_002_20260928_005930.wav,0,59.40304,18.07242,Leppun,Leptophyes punctatissima,Speckled Bush-cricket,bush-cricket,0.99,,,28/09/2026,27/09/2026,00:59:30,ClassifEspSWE-0002026-05-29_1,JOHANKARLSSON,202609290747UMXSL9PH,,Citizen Science (ultrasonic) - shared
59~40304+18~07242_20260928_005939.wav,DEV_002_20260928_005939.wav,0,59.40304,18.07242,Leppun,Leptophyes punctatissima,Speckled Bush-cricket,bush-cricket,0.99,,,28/09/2026,27/09/2026,00:59:39,ClassifEspSWE-0002026-05-29_1,JOHANKARLSSON,202609290747UMXSL9PH,,Citizen Science (ultrasonic) - shared
59~40304+18~07242_20260928_005948.wav,DEV_002_20260928_005948.wav,0,59.40304,18.07242,Leppun,Leptophyes punctatissima,Speckled Bush-cricket,bush-cricket,0.99,,,28/09/2026,27/09/2026,00:59:48,ClassifEspSWE-0002026-05-29_1,JOHANKARLSSON,202609290747UMXSL9PH,,Citizen Science (ultrasonic) - shared
59~40304+18~07242_20260928_005956.wav,DEV_002_20260928_005956.wav,0,59.40304,18.07242,Leppun,Leptophyes punctatissima,Speckled Bush-cricket,bush-cricket,0.99,,,28/09/2026,27/09/2026,00:59:56,ClassifEspSWE-0002026-05-29_1,JOHANKARLSSON,202609290747UMXSL9PH,,Citizen Science (ultrasonic) - shared
59~40304+18~07242_20260928_000019.wav,DEV_002_20260928_000019.wav,0,59.40304,18.07242,Phogri,Pholidoptera griseoaptera,Dark Bush-cricket,bush-cricket,0.88,,,28/09/2026,27/09/2026,00:00:19,ClassifEspSWE-0002026-05-29_1,JOHANKARLSSON,202609290747UMXSL9PH,,Citizen Science (ultrasonic) - shared
59~40304+18~07242_20260928_000030.wav,DEV_002_20260928_000030.wav,0,59.40304,18.07242,Phogri,Pholidoptera griseoaptera,Dark Bush-cricket,bush-cricket,0.87,,,28/09/2026,27/09/2026,00:00:30,ClassifEspSWE-0002026-05-29_1,JOHANKARLSSON,202609290747UMXSL9PH,,Citizen Science (ultrasonic) - shared
59~40304+18~07242_20260928_000226.wav,DEV_002_20260928_000226.wav,0,59.40304,18.07242,Phogri,Pholidoptera griseoaptera,Dark Bush-cricket,bush-cricket,0.88,,,28/09/2026,27/09/2026,00:02:26,ClassifEspSWE-0002026-05-29_1,JOHANKARLSSON,202609290747UMXSL9PH,,Citizen Science (ultrasonic) - shared
59~40304+18~07242_20260928_000245.wav,DEV_002_20260928_000245.wav,0,59.40304,18.07242,Phogri,Pholidoptera griseoaptera,Dark Bush-cricket,bush-cricket,0.81,,,28/09/2026,27/09/2026,00:02:45,ClassifEspSWE-0002026-05-29_1,JOHANKARLSSON,202609290747UMXSL9PH,,Citizen Science (ultrasonic) - shared
59~40304+18~07242_20260928_000252.wav,DEV_002_20260928_000252.wav,0,59.40304,18.07242,Phogri,Pholidoptera griseoaptera,Dark Bush-cricket,bush-cricket,0.62,,,28/09/2026,27/09/2026,00:02:52,ClassifEspSWE-0002026-05-29_1,JOHANKARLSSON,202609290747UMXSL9PH,,Citizen Science (ultrasonic) - shared
59~40304+18~07242_20260928_000306.wav,DEV_002_20260928_000306.wav,0,59.40304,18.07242,Phogri,Pholidoptera griseoaptera,Dark Bush-cricket,bush-cricket,0.6,,,28/09/2026,27/09/2026,00:03:06,ClassifEspSWE-0002026-05-29_1,JOHANKARLSSON,202609290747UMXSL9PH,,Citizen Science (ultrasonic) - shared
59~40304+18~07242_20260928_000315.wav,DEV_002_20260928_000315.wav,0,59.40304,18.07242,Phogri,Pholidoptera griseoaptera,Dark Bush-cricket,bush-cricket,0.78,,,28/09/2026,27/09/2026,00:03:15,ClassifEspSWE-0002026-05-29_1,JOHANKARLSSON,202609290747UMXSL9PH,,Citizen Science (ultrasonic) - shared
59~40304+18~07242_20260928_000330.wav,DEV_002_20260928_000330.wav,0,59.40304,18.07242,Phogri,Pholidoptera griseoaptera,Dark Bush-cricket,bush-cricket,0.75,,,28/09/2026,27/09/2026,00:03:30,ClassifEspSWE-0002026-05-29_1,JOHANKARLSSON,202609290747UMXSL9PH,,Citizen Science (ultrasonic) - shared
59~40304+18~07242_20260928_000338.wav,DEV_002_20260928_000338.wav,0,59.40304,18.07242,Phogri,Pholidoptera griseoaptera,Dark Bush-cricket,bush-cricket,0.61,,,28/09/2026,27/09/2026,00:03:38,ClassifEspSWE-0002026-05-29_1,JOHANKARLSSON,202609290747UMXSL9PH,,Citizen Science (ultrasonic) - shared
59~40304+18~07242_20260928_000351.wav,DEV_002_20260928_000351.wav,0,59.40304,18.07242,Phogri,Pholidoptera griseoaptera,Dark Bush-cricket,bush-cricket,0.95,,,28/09/2026,27/09/2026,00:03:51,ClassifEspSWE-0002026-05-29_1,JOHANKARLSSON,202609290747UMXSL9PH,,Citizen Science (ultrasonic) - shared
59~40304+18~07242_20260928_000409.wav,DEV_002_20260928_000409.wav,0,59.40304,18.07242,Phogri,Pholidoptera griseoaptera,Dark Bush-cricket,bush-cricket,0.88,,,28/09/2026,27/09/2026,00:04:09,ClassifEspSWE-0002026-05-29_1,JOHANKARLSSON,202609290747UMXSL9PH,,Citizen Science (ultrasonic) - shared
59~40304+18~07242_20260928_000417.wav,DEV_002_20260928_000417.wav,0,59.40304,18.07242,Phogri,Pholidoptera griseoaptera,Dark Bush-cricket,bush-cricket,0.58,,,28/09/2026,27/09/2026,00:04:17,ClassifEspSWE-0002026-05-29_1,JOHANKARLSSON,202609290747UMXSL9PH,,Citizen Science (ultrasonic) - shared
59~40304+18~07242_20260928_000423.wav,DEV_002_20260928_000423.wav,0,59.40304,18.07242,Phogri,Pholidoptera griseoaptera,Dark Bush-cricket,bush-cricket,0.8,,,28/09/2026,27/09/2026,00:04:23,ClassifEspSWE-0002026-05-29_1,JOHANKARLSSON,202609290747UMXSL9PH,,Citizen Science (ultrasonic) - shared
59~40304+18~07242_20260928_000430.wav,DEV_002_20260928_000430.wav,0,59.40304,18.07242,Phogri,Pholidoptera griseoaptera,Dark Bush-cricket,bush-cricket,0.5,,,28/09/2026,27/09/2026,00:04:30,ClassifEspSWE-0002026-05-29_1,JOHANKARLSSON,202609290747UMXSL9PH,,Citizen Science (ultrasonic) - shared
59~40304+18~07242_20260928_000448.wav,DEV_002_20260928_000448.wav,0,59.40304,18.07242,Phogri,Pholidoptera griseoaptera,Dark Bush-cricket,bush-cricket,0.85,,,28/09/2026,27/09/2026,00:04:48,ClassifEspSWE-0002026-05-29_1,JOHANKARLSSON,202609290747UMXSL9PH,,Citizen Science (ultrasonic) - shared
59~40304+18~07242_20260928_000455.wav,DEV_002_20260928_000455.wav,0,59.40304,18.07242,Phogri,Pholidoptera griseoaptera,Dark Bush-cricket,bush-cricket,0.67,,,28/09/2026,27/09/2026,00:04:55,ClassifEspSWE-0002026-05-29_1,JOHANKARLSSON,202609290747UMXSL9PH,,Citizen Science (ultrasonic) - shared
59~40304+18~07242_20260928_000507.wav,DEV_002_20260928_000507.wav,0,59.40304,18.07242,Phogri,Pholidoptera griseoaptera,Dark Bush-cricket,bush-cricket,0.84,,,28/09/2026,27/09/2026,00:05:07,ClassifEspSWE-0002026-05-29_1,JOHANKARLSSON,202609290747UMXSL9PH,,Citizen Science (ultrasonic) - shared
59~40304+18~07242_20260928_000515.wav,DEV_002_20260928_000515.wav,0,59.40304,18.07242,Phogri,Pholidoptera griseoaptera,Dark Bush-cricket,bush-cricket,0.94,,,28/09/2026,27/09/2026,00:05:15,ClassifEspSWE-0002026-05-29_1,JOHANKARLSSON,202609290747UMXSL9PH,,Citizen Science (ultrasonic) - shared
59~40304+18~07242_20260928_000523.wav,DEV_002_20260928_000523.wav,0,59.40304,18.07242,Phogri,Pholidoptera griseoaptera,Dark Bush-cricket,bush-cricket,0.92,,,28/09/2026,27/09/2026,00:05:23,ClassifEspSWE-0002026-05-29_1,JOHANKARLSSON,202609290747UMXSL9PH,,Citizen Science (ultrasonic) - shared
59~40304+18~07242_20260928_000530.wav,DEV_002_20260928_000530.wav,0,59.40304,18.07242,Phogri,Pholidoptera griseoaptera,Dark Bush-cricket,bush-cricket,0.96,,,28/09/2026,27/09/2026,00:05:30,ClassifEspSWE-0002026-05-29_1,JOHANKARLSSON,202609290747UMXSL9PH,,Citizen Science (ultrasonic) - shared
59~40304+18~07242_20260928_000536.wav,DEV_002_20260928_000536.wav,0,59.40304,18.07242,Phogri,Pholidoptera griseoaptera,Dark Bush-cricket,bush-cricket,0.85,,,28/09/2026,27/09/2026,00:05:36,ClassifEspSWE-0002026-05-29_1,JOHANKARLSSON,202609290747UMXSL9PH,,Citizen Science (ultrasonic) - shared
59~40304+18~07242_20260928_000556.wav,DEV_002_20260928_000556.wav,0,59.40304,18.07242,Phogri,Pholidoptera griseoaptera,Dark Bush-cricket,bush-cricket,0.8,,,28/09/2026,27/09/2026,00:05:56,ClassifEspSWE-0002026-05-29_1,JOHANKARLSSON,202609290747UMXSL9PH,,Citizen Science (ultrasonic) - shared
59~40304+18~07242_20260928_000602.wav,DEV_002_20260928_000602.wav,0,59.40304,18.07242,Phogri,Pholidoptera griseoaptera,Dark Bush-cricket,bush-cricket,0.96,,,28/09/2026,27/09/2026,00:06:02,ClassifEspSWE-0002026-05-29_1,JOHANKARLSSON,202609290747UMXSL9PH,,Citizen Science (ultrasonic) - shared
59~40304+18~07242_20260928_000613.wav,DEV_002_20260928_000613.wav,0,59.40304,18.07242,Phogri,Pholidoptera griseoaptera,Dark Bush-cricket,bush-cricket,0.54,,,28/09/2026,27/09/2026,00:06:13,ClassifEspSWE-0002026-05-29_1,JOHANKARLSSON,202609290747UMXSL9PH,,Citizen Science (ultrasonic) - shared
59~40304+18~07242_20260928_000634.wav,DEV_002_20260928_000634.wav,0,59.40304,18.07242,Phogri,Pholidoptera griseoaptera,Dark Bush-cricket,bush-cricket,0.92,,,28/09/2026,27/09/2026,00:06:34,ClassifEspSWE-0002026-05-29_1,JOHANKARLSSON,202609290747UMXSL9PH,,Citizen Science (ultrasonic) - shared
59~40304+18~07242_20260928_000652.wav,DEV_002_20260928_000652.wav,0,59.40304,18.07242,Phogri,Pholidoptera griseoaptera,Dark Bush-cricket,bush-cricket,0.75,,,28/09/2026,27/09/2026,00:06:52,ClassifEspSWE-0002026-05-29_1,JOHANKARLSSON,202609290747UMXSL9PH,,Citizen Science (ultrasonic) - shared
59~40304+18~07242_20260928_000701.wav,DEV_002_20260928_000701.wav,0,59.40304,18.07242,Phogri,Pholidoptera griseoaptera,Dark Bush-cricket,bush-cricket,0.82,,,28/09/2026,27/09/2026,00:07:01,ClassifEspSWE-0002026-05-29_1,JOHANKARLSSON,202609290747UMXSL9PH,,Citizen Science (ultrasonic) - shared
59~40304+18~07242_20260928_000707.wav,DEV_002_20260928_000707.wav,0,59.40304,18.07242,Phogri,Pholidoptera griseoaptera,Dark Bush-cricket,bush-cricket,0.7,,,28/09/2026,27/09/2026,00:07:07,ClassifEspSWE-0002026-05-29_1,JOHANKARLSSON,202609290747UMXSL9PH,,Citizen Science (ultrasonic) - shared
59~40304+18~07242_20260928_000732.wav,DEV_002_20260928_000732.wav,0,59.40304,18.07242,Phogri,Pholidoptera griseoaptera,Dark Bush-cricket,bush-cricket,0.65,,,28/09/2026,27/09/2026,00:07:32,ClassifEspSWE-0002026-05-29_1,JOHANKARLSSON,202609290747UMXSL9PH,,Citizen Science (ultrasonic) - shared
59~40304+18~07242_20260928_000833.wav,DEV_002_20260928_000833.wav,0,59.40304,18.07242,Phogri,Pholidoptera griseoaptera,Dark Bush-cricket,bush-cricket,0.66,,,28/09/2026,27/09/2026,00:08:33,ClassifEspSWE-0002026-05-29_1,JOHANKARLSSON,202609290747UMXSL9PH,,Citizen Science (ultrasonic) - shared
59~40304+18~07242_20260928_000841.wav,DEV_002_20260928_000841.wav,0,59.40304,18.07242,Phogri,Pholidoptera griseoaptera,Dark Bush-cricket,bush-cricket,0.87,,,28/09/2026,27/09/2026,00:08:41,ClassifEspSWE-0002026-05-29_1,JOHANKARLSSON,202609290747UMXSL9PH,,Citizen Science (ultrasonic) - shared
59~40304+18~07242_20260928_000848.wav,DEV_002_20260928_000848.wav,0,59.40304,18.07242,Phogri,Pholidoptera griseoaptera,Dark Bush-cricket,bush-cricket,0.63,,,28/09/2026,27/09/2026,00:08:48,ClassifEspSWE-0002026-05-29_1,JOHANKARLSSON,202609290747UMXSL9PH,,Citizen Science (ultrasonic) - shared
59~40304+18~07242_20260928_000900.wav,DEV_002_20260928_000900.wav,0,59.40304,18.07242,Phogri,Pholidoptera griseoaptera,Dark Bush-cricket,bush-cricket,0.91,,,28/09/2026,27/09/2026,00:09:00,ClassifEspSWE-0002026-05-29_1,JOHANKARLSSON,202609290747UMXSL9PH,,Citizen Science (ultrasonic) - shared
59~40304+18~07242_20260928_000933.wav,DEV_002_20260928_000933.wav,0,59.40304,18.07242,Phogri,Pholidoptera griseoaptera,Dark Bush-cricket,bush-cricket,0.92,,,28/09/2026,27/09/2026,00:09:33,ClassifEspSWE-0002026-05-29_1,JOHANKARLSSON,202609290747UMXSL9PH,,Citizen Science (ultrasonic) - shared
59~40304+18~07242_20260928_000952.wav,DEV_002_20260928_000952.wav,0,59.40304,18.07242,Phogri,Pholidoptera griseoaptera,Dark Bush-cricket,bush-cricket,0.91,,,28/09/2026,27/09/2026,00:09:52,ClassifEspSWE-0002026-05-29_1,JOHANKARLSSON,202609290747UMXSL9PH,,Citizen Science (ultrasonic) - shared
59~40304+18~07242_20260928_001007.wav,DEV_002_20260928_001007.wav,0,59.40304,18.07242,Phogri,Pholidoptera griseoaptera,Dark Bush-cricket,bush-cricket,0.82,,,28/09/2026,27/09/2026,00:10:07,ClassifEspSWE-0002026-05-29_1,JOHANKARLSSON,202609290747UMXSL9PH,,Citizen Science (ultrasonic) - shared
59~40304+18~07242_20260928_001415.wav,DEV_002_20260928_001415.wav,0,59.40304,18.07242,Phogri,Pholidoptera griseoaptera,Dark Bush-cricket,bush-cricket,0.84,,,28/09/2026,27/09/2026,00:14:15,ClassifEspSWE-0002026-05-29_1,JOHANKARLSSON,202609290747UMXSL9PH,,Citizen Science (ultrasonic) - shared
59~40304+18~07242_20260928_001506.wav,DEV_002_20260928_001506.wav,0,59.40304,18.07242,Phogri,Pholidoptera griseoaptera,Dark Bush-cricket,bush-cricket,0.53,,,28/09/2026,27/09/2026,00:15:06,ClassifEspSWE-0002026-05-29_1,JOHANKARLSSON,202609290747UMXSL9PH,,Citizen Science (ultrasonic) - shared
59~40304+18~07242_20260928_001537.wav,DEV_002_20260928_001537.wav,0,59.40304,18.07242,Phogri,Pholidoptera griseoaptera,Dark Bush-cricket,bush-cricket,0.75,,,28/09/2026,27/09/2026,00:15:37,ClassifEspSWE-0002026-05-29_1,JOHANKARLSSON,202609290747UMXSL9PH,,Citizen Science (ultrasonic) - shared
59~40304+18~07242_20260928_001603.wav,DEV_002_20260928_001603.wav,0,59.40304,18.07242,Phogri,Pholidoptera griseoaptera,Dark Bush-cricket,bush-cricket,0.74,,,28/09/2026,27/09/2026,00:16:03,ClassifEspSWE-0002026-05-29_1,JOHANKARLSSON,202609290747UMXSL9PH,,Citizen Science (ultrasonic) - shared
59~40304+18~07242_20260928_001752.wav,DEV_002_20260928_001752.wav,0,59.40304,18.07242,Phogri,Pholidoptera griseoaptera,Dark Bush-cricket,bush-cricket,0.6,,,28/09/2026,27/09/2026,00:17:52,ClassifEspSWE-0002026-05-29_1,JOHANKARLSSON,202609290747UMXSL9PH,,Citizen Science (ultrasonic) - shared
59~40304+18~07242_20260928_001802.wav,DEV_002_20260928_001802.wav,0,59.40304,18.07242,Phogri,Pholidoptera griseoaptera,Dark Bush-cricket,bush-cricket,0.84,,,28/09/2026,27/09/2026,00:18:02,ClassifEspSWE-0002026-05-29_1,JOHANKARLSSON,202609290747UMXSL9PH,,Citizen Science (ultrasonic) - shared
59~40304+18~07242_20260928_001825.wav,DEV_002_20260928_001825.wav,0,59.40304,18.07242,Phogri,Pholidoptera griseoaptera,Dark Bush-cricket,bush-cricket,0.9,,,28/09/2026,27/09/2026,00:18:25,ClassifEspSWE-0002026-05-29_1,JOHANKARLSSON,202609290747UMXSL9PH,,Citizen Science (ultrasonic) - shared
59~40304+18~07242_20260928_001836.wav,DEV_002_20260928_001836.wav,0,59.40304,18.07242,Phogri,Pholidoptera griseoaptera,Dark Bush-cricket,bush-cricket,0.68,,,28/09/2026,27/09/2026,00:18:36,ClassifEspSWE-0002026-05-29_1,JOHANKARLSSON,202609290747UMXSL9PH,,Citizen Science (ultrasonic) - shared
59~40304+18~07242_20260928_001857.wav,DEV_002_20260928_001857.wav,0,59.40304,18.07242,Phogri,Pholidoptera griseoaptera,Dark Bush-cricket,bush-cricket,0.71,,,28/09/2026,27/09/2026,00:18:57,ClassifEspSWE-0002026-05-29_1,JOHANKARLSSON,202609290747UMXSL9PH,,Citizen Science (ultrasonic) - shared
59~40304+18~07242_20260928_001951.wav,DEV_002_20260928_001951.wav,0,59.40304,18.07242,Phogri,Pholidoptera griseoaptera,Dark Bush-cricket,bush-cricket,0.92,,,28/09/2026,27/09/2026,00:19:51,ClassifEspSWE-0002026-05-29_1,JOHANKARLSSON,202609290747UMXSL9PH,,Citizen Science (ultrasonic) - shared
59~40304+18~07242_20260928_002154.wav,DEV_002_20260928_002154.wav,0,59.40304,18.07242,Phogri,Pholidoptera griseoaptera,Dark Bush-cricket,bush-cricket,0.79,,,28/09/2026,27/09/2026,00:21:54,ClassifEspSWE-0002026-05-29_1,JOHANKARLSSON,202609290747UMXSL9PH,,Citizen Science (ultrasonic) - shared
59~40304+18~07242_20260928_002325.wav,DEV_002_20260928_002325.wav,0,59.40304,18.07242,Phogri,Pholidoptera griseoaptera,Dark Bush-cricket,bush-cricket,0.86,,,28/09/2026,27/09/2026,00:23:25,ClassifEspSWE-0002026-05-29_1,JOHANKARLSSON,202609290747UMXSL9PH,,Citizen Science (ultrasonic) - shared
59~40304+18~07242_20260928_002351.wav,DEV_002_20260928_002351.wav,0,59.40304,18.07242,Phogri,Pholidoptera griseoaptera,Dark Bush-cricket,bush-cricket,0.84,,,28/09/2026,27/09/2026,00:23:51,ClassifEspSWE-0002026-05-29_1,JOHANKARLSSON,202609290747UMXSL9PH,,Citizen Science (ultrasonic) - shared
59~40304+18~07242_20260928_002443.wav,DEV_002_20260928_002443.wav,0,59.40304,18.07242,Phogri,Pholidoptera griseoaptera,Dark Bush-cricket,bush-cricket,0.79,,,28/09/2026,27/09/2026,00:24:43,ClassifEspSWE-0002026-05-29_1,JOHANKARLSSON,202609290747UMXSL9PH,,Citizen Science (ultrasonic) - shared
59~40304+18~07242_20260928_002534.wav,DEV_002_20260928_002534.wav,0,59.40304,18.07242,Phogri,Pholidoptera griseoaptera,Dark Bush-cricket,bush-cricket,0.73,,,28/09/2026,27/09/2026,00:25:34,ClassifEspSWE-0002026-05-29_1,JOHANKARLSSON,202609290747UMXSL9PH,,Citizen Science (ultrasonic) - shared
59~40304+18~07242_20260928_002541.wav,DEV_002_20260928_002541.wav,0,59.40304,18.07242,Phogri,Pholidoptera griseoaptera,Dark Bush-cricket,bush-cricket,0.81,,,28/09/2026,27/09/2026,00:25:41,ClassifEspSWE-0002026-05-29_1,JOHANKARLSSON,202609290747UMXSL9PH,,Citizen Science (ultrasonic) - shared
59~40304+18~07242_20260928_002703.wav,DEV_002_20260928_002703.wav,0,59.40304,18.07242,Phogri,Pholidoptera griseoaptera,Dark Bush-cricket,bush-cricket,0.72,,,28/09/2026,27/09/2026,00:27:03,ClassifEspSWE-0002026-05-29_1,JOHANKARLSSON,202609290747UMXSL9PH,,Citizen Science (ultrasonic) - shared
59~40304+18~07242_20260928_002733.wav,DEV_002_20260928_002733.wav,0,59.40304,18.07242,Phogri,Pholidoptera griseoaptera,Dark Bush-cricket,bush-cricket,0.6,,,28/09/2026,27/09/2026,00:27:33,ClassifEspSWE-0002026-05-29_1,JOHANKARLSSON,202609290747UMXSL9PH,,Citizen Science (ultrasonic) - shared
59~40304+18~07242_20260928_002755.wav,DEV_002_20260928_002755.wav,0,59.40304,18.07242,Phogri,Pholidoptera griseoaptera,Dark Bush-cricket,bush-cricket,0.5,,,28/09/2026,27/09/2026,00:27:55,ClassifEspSWE-0002026-05-29_1,JOHANKARLSSON,202609290747UMXSL9PH,,Citizen Science (ultrasonic) - shared
59~40304+18~07242_20260928_003057.wav,DEV_002_20260928_003057.wav,0,59.40304,18.07242,Phogri,Pholidoptera griseoaptera,Dark Bush-cricket,bush-cricket,0.65,,,28/09/2026,27/09/2026,00:30:57,ClassifEspSWE-0002026-05-29_1,JOHANKARLSSON,202609290747UMXSL9PH,,Citizen Science (ultrasonic) - shared
59~40304+18~07242_20260928_003156.wav,DEV_002_20260928_003156.wav,0,59.40304,18.07242,Phogri,Pholidoptera griseoaptera,Dark Bush-cricket,bush-cricket,0.76,,,28/09/2026,27/09/2026,00:31:56,ClassifEspSWE-0002026-05-29_1,JOHANKARLSSON,202609290747UMXSL9PH,,Citizen Science (ultrasonic) - shared
59~40304+18~07242_20260928_004050.wav,DEV_002_20260928_004050.wav,0,59.40304,18.07242,Phogri,Pholidoptera griseoaptera,Dark Bush-cricket,bush-cricket,0.61,,,28/09/2026,27/09/2026,00:40:50,ClassifEspSWE-0002026-05-29_1,JOHANKARLSSON,202609290747UMXSL9PH,,Citizen Science (ultrasonic) - shared
59~40304+18~07242_20260928_005040.wav,DEV_002_20260928_005040.wav,0,59.40304,18.07242,Phogri,Pholidoptera griseoaptera,Dark Bush-cricket,bush-cricket,0.92,,,28/09/2026,27/09/2026,00:50:40,ClassifEspSWE-0002026-05-29_1,JOHANKARLSSON,202609290747UMXSL9PH,,Citizen Science (ultrasonic) - shared
59~40304+18~07242_20260928_005106.wav,DEV_002_20260928_005106.wav,0,59.40304,18.07242,Phogri,Pholidoptera griseoaptera,Dark Bush-cricket,bush-cricket,0.7,,,28/09/2026,27/09/2026,00:51:06,ClassifEspSWE-0002026-05-29_1,JOHANKARLSSON,202609290747UMXSL9PH,,Citizen Science (ultrasonic) - shared
59~40304+18~07242_20260928_005114.wav,DEV_002_20260928_005114.wav,0,59.40304,18.07242,Phogri,Pholidoptera griseoaptera,Dark Bush-cricket,bush-cricket,0.79,,,28/09/2026,27/09/2026,00:51:14,ClassifEspSWE-0002026-05-29_1,JOHANKARLSSON,202609290747UMXSL9PH,,Citizen Science (ultrasonic) - shared
59~40304+18~07242_20260928_005136.wav,DEV_002_20260928_005136.wav,0,59.40304,18.07242,Phogri,Pholidoptera griseoaptera,Dark Bush-cricket,bush-cricket,0.62,,,28/09/2026,27/09/2026,00:51:36,ClassifEspSWE-0002026-05-29_1,JOHANKARLSSON,202609290747UMXSL9PH,,Citizen Science (ultrasonic) - shared
59~40304+18~07242_20260928_005207.wav,DEV_002_20260928_005207.wav,0,59.40304,18.07242,Phogri,Pholidoptera griseoaptera,Dark Bush-cricket,bush-cricket,0.57,,,28/09/2026,27/09/2026,00:52:07,ClassifEspSWE-0002026-05-29_1,JOHANKARLSSON,202609290747UMXSL9PH,,Citizen Science (ultrasonic) - shared
59~40304+18~07242_20260928_005223.wav,DEV_002_20260928_005223.wav,0,59.40304,18.07242,Phogri,Pholidoptera griseoaptera,Dark Bush-cricket,bush-cricket,0.7,,,28/09/2026,27/09/2026,00:52:23,ClassifEspSWE-0002026-05-29_1,JOHANKARLSSON,202609290747UMXSL9PH,,Citizen Science (ultrasonic) - shared
59~40304+18~07242_20260928_005231.wav,DEV_002_20260928_005231.wav,0,59.40304,18.07242,Phogri,Pholidoptera griseoaptera,Dark Bush-cricket,bush-cricket,0.7,,,28/09/2026,27/09/2026,00:52:31,ClassifEspSWE-0002026-05-29_1,JOHANKARLSSON,202609290747UMXSL9PH,,Citizen Science (ultrasonic) - shared
59~40304+18~07242_20260928_005330.wav,DEV_002_20260928_005330.wav,0,59.40304,18.07242,Phogri,Pholidoptera griseoaptera,Dark Bush-cricket,bush-cricket,0.85,,,28/09/2026,27/09/2026,00:53:30,ClassifEspSWE-0002026-05-29_1,JOHANKARLSSON,202609290747UMXSL9PH,,Citizen Science (ultrasonic) - shared
59~40304+18~07242_20260928_005351.wav,DEV_002_20260928_005351.wav,0,59.40304,18.07242,Phogri,Pholidoptera griseoaptera,Dark Bush-cricket,bush-cricket,0.56,,,28/09/2026,27/09/2026,00:53:51,ClassifEspSWE-0002026-05-29_1,JOHANKARLSSON,202609290747UMXSL9PH,,Citizen Science (ultrasonic) - shared
59~40304+18~07242_20260928_005400.wav,DEV_002_20260928_005400.wav,0,59.40304,18.07242,Phogri,Pholidoptera griseoaptera,Dark Bush-cricket,bush-cricket,0.66,,,28/09/2026,27/09/2026,00:54:00,ClassifEspSWE-0002026-05-29_1,JOHANKARLSSON,202609290747UMXSL9PH,,Citizen Science (ultrasonic) - shared
59~40304+18~07242_20260928_005406.wav,DEV_002_20260928_005406.wav,0,59.40304,18.07242,Phogri,Pholidoptera griseoaptera,Dark Bush-cricket,bush-cricket,0.82,,,28/09/2026,27/09/2026,00:54:06,ClassifEspSWE-0002026-05-29_1,JOHANKARLSSON,202609290747UMXSL9PH,,Citizen Science (ultrasonic) - shared
59~40304+18~07242_20260928_005414.wav,DEV_002_20260928_005414.wav,0,59.40304,18.07242,Phogri,Pholidoptera griseoaptera,Dark Bush-cricket,bush-cricket,0.92,,,28/09/2026,27/09/2026,00:54:14,ClassifEspSWE-0002026-05-29_1,JOHANKARLSSON,202609290747UMXSL9PH,,Citizen Science (ultrasonic) - shared
59~40304+18~07242_20260928_005422.wav,DEV_002_20260928_005422.wav,0,59.40304,18.07242,Phogri,Pholidoptera griseoaptera,Dark Bush-cricket,bush-cricket,0.91,,,28/09/2026,27/09/2026,00:54:22,ClassifEspSWE-0002026-05-29_1,JOHANKARLSSON,202609290747UMXSL9PH,,Citizen Science (ultrasonic) - shared
59~40304+18~07242_20260928_005537.wav,DEV_002_20260928_005537.wav,0,59.40304,18.07242,Phogri,Pholidoptera griseoaptera,Dark Bush-cricket,bush-cricket,0.73,,,28/09/2026,27/09/2026,00:55:37,ClassifEspSWE-0002026-05-29_1,JOHANKARLSSON,202609290747UMXSL9PH,,Citizen Science (ultrasonic) - shared
59~40304+18~07242_20260928_005546.wav,DEV_002_20260928_005546.wav,0,59.40304,18.07242,Phogri,Pholidoptera griseoaptera,Dark Bush-cricket,bush-cricket,0.67,,,28/09/2026,27/09/2026,00:55:46,ClassifEspSWE-0002026-05-29_1,JOHANKARLSSON,202609290747UMXSL9PH,,Citizen Science (ultrasonic) - shared
59~40304+18~07242_20260928_005649.wav,DEV_002_20260928_005649.wav,0,59.40304,18.07242,Phogri,Pholidoptera griseoaptera,Dark Bush-cricket,bush-cricket,0.92,,,28/09/2026,27/09/2026,00:56:49,ClassifEspSWE-0002026-05-29_1,JOHANKARLSSON,202609290747UMXSL9PH,,Citizen Science (ultrasonic) - shared
59~40304+18~07242_20260928_005800.wav,DEV_002_20260928_005800.wav,0,59.40304,18.07242,Phogri,Pholidoptera griseoaptera,Dark Bush-cricket,bush-cricket,0.64,,,28/09/2026,27/09/2026,00:58:00,ClassifEspSWE-0002026-05-29_1,JOHANKARLSSON,202609290747UMXSL9PH,,Citizen Science (ultrasonic) - shared
59~40304+18~07242_20260928_005845.wav,DEV_002_20260928_005845.wav,0,59.40304,18.07242,Phogri,Pholidoptera griseoaptera,Dark Bush-cricket,bush-cricket,0.54,,,28/09/2026,27/09/2026,00:58:45,ClassifEspSWE-0002026-05-29_1,JOHANKARLSSON,202609290747UMXSL9PH,,Citizen Science (ultrasonic) - shared